"水野みさと",mizuno421@example.ne.jp
"畠山ゆう","yuu_hatakeyama@example.co.jp"
大槻みゆき,"miyukiotsuki@example.ne.jp"
"山名悠","yamana_hisashi@example.co.jp"
"石橋亜矢","ishibashi_523@example.jp"
"森田みなこ","minakomorita@example.org"
"永峰正剛","nagamine616@example.com"
"中村宏樹","nakamura_hiroki@example.org"
"平山久美子","hirayamakumiko@example.co.jp"
"井上和美","inoue1224@example.jp"
"山口雄一","yamaguchi_yuuichi@example.org"
"畠山倫子","hatakeyamanoriko@example.org"
"山本里美","satomiyamamoto@example.net"
"森裕紀子","mori_yukiko@example.jp"
"藤麻友","fujimayu@example.co.jp"
"岩佐浩司","iwasa_1217@example.net"
"大下大輔","oshita_1012@example.org"
"村石浩充","hiromitsu_muraishi@example.co.jp"
"藤江桜子","fujie329@example.co.jp"
"奥田裕司","okuda913@example.com"
"谷本拓磨","tanimototakuma@example.org"
"澤田健太","sawada831@example.co.jp"
"小林康大","kobayashi225@example.org"
"吉岡和子","kazuko_yoshioka@example.ne.jp"
"金田誠太郎","kaneda_215@example.ne.jp"
"小島友彦","tomohiko_kojima@example.org"
"井関恭介","iseki_1017@example.co.jp"
"谷紀幸","tani_321@example.com"
"小林亨","kobayashi1120@example.ne.jp"
"寺地春子","haruko_terachi@example.co.jp"
"樋口宏治","higuchi_126@example.jp"
"越智貴紀","takanoriochi@example.com"
"浅井忠","tadashi_asai@example.net"
"森田豪介","morita510@example.com"
"竹村賢","ken_takemura@example.jp"
"黒島洋介","kuroshima_62@example.jp"
"田中詩子","tanakautako@example.com"
"益田裕子","masuda1226@example.net"
"元井貴之","takayuki_motoi@example.co.jp"
"矢野尚代","yano_1217@example.co.jp"
"島田良介","shimada610@example.jp"
"原田栄一郎","harada_1122@example.com"
"高田謙治","takada_217@example.ne.jp"
"名和弘美","nawa_1111@example.org"
"米澤朋子","yonezawa_tomoko@example.co.jp"
"岡本愛","aiokamoto@example.com"
"梅田崇","umeda_takashi@example.ne.jp"
"海保昌弘","kaiho_223@example.jp"
"吉原博一","yoshiharahirokazu@example.co.jp"
"寺門ゆり","terakado_yuri@example.com"
"中村千香子","chikako_nakamura@example.jp"
"西川理紗","arisa_nishikawa@example.co.jp"
"川﨑和行","kawasaki510@example.ne.jp"
"松尾雅樹","matsuo56@example.com"
"横倉裕子","yokokura_yuuko@example.org"
"小番麻衣子","kotsugai_622@example.jp"
"神林剛司","kambayashi_takeshi@example.ne.jp"
"井上利昭","toshiakiinoue@example.jp"
"青木哲史","satoshiaoki@example.co.jp"
"国吉牧","makikuniyoshi@example.jp"
"伊藤龍一","ito421@example.co.jp"
"黒沢大","kurosawadai@example.jp"
"岩倉祐二","iwakura_74@example.ne.jp"
"飯田翔太","iidashouta@example.net"
"高村匠","takamura_takumi@example.jp"
"岩切英雄","hideo_iwakiri@example.net"
"西本奈々","nishimoto1231@example.ne.jp"
"島岡高志","shimaoka_129@example.org"
"中野智子","nakano_518@example.org"
"五十嵐由依","igarashiyui@example.ne.jp"
"関あつこ","atsukoseki@example.jp"
"下鳥佑一郎","yuuichiroushimotori@example.org"
"米山理恵子","yoneyama826@example.co.jp"
"板倉義明","itakura_yoshiaki@example.com"
"坂本尚宏","sakamoto_naohiro@example.org"
"寺嶋英司","terashimaeiji@example.net"
"高田博之","takada_hiroyuki@example.jp"
"高柳貴","takashi_takayanagi@example.net"
"堀田達朗","hotta718@example.co.jp"
"森恭子","kyouko_mori@example.org"
"福田和彦","fukuda_319@example.com"
"松本由佳","matsumoto1029@example.ne.jp"
"秋山克巳","katsumi_akiyama@example.co.jp"
"松田智裕","tomohiromatsuda@example.org"
"藤田慎一郎","fujita_shinichirou@example.net"
"北川紗代","sayo_kitagawa@example.net"
"細川謙一","hosokawa427@example.com"
"藤嶋久","fujishima1010@example.ne.jp"
"佐山佳子","sayama1213@example.com"
"岡部洋子","youko_okabe@example.com"
"加藤憲一郎","kenichirou_kato@example.com"
"横井朋幸","tomoyukiyokoi@example.co.jp"
"渡瀬猛","mouwatase@example.org"
"山本淳一","junichiyamamoto@example.jp"
"古谷健","furuya_ken@example.co.jp"
"古川めぐみ","megumi_furukawa@example.com"
"佐藤恵美","sato926@example.org"
小野剛,"tsuyoshi_ono@example.net"
"加藤武志","kato_takeshi@example.jp"
"村上達也","murakami224@example.co.jp"